232843440,gabyantolino
1813054045,alfonso_campisi
1950017441,gmboga.vzla
11226370427,mapo.03
305035525,andrea_di_gennaro
284705988,nicolepaci
26330720,valensansur
16852167595,ac.dlf_architecture
391400555,oscardom108
9679538164,__richness__
1392695656,vickymasiero
315798345,carloslopez_29_
283928269,mbeheit
188521785,lgmoreno96
22427035274,elrestofilm
4991453958,stephany.privat
14632496,imigueld
11607730044,photochiquitin
1472750468,ewm_wildcamping
8680925957,vdoloader
5835874466,wildlifephoto_kalpeshm
18241741596,choco_kris_pies
18127241530,ourbigbluerock
373909773,juan_alberto_rd
4006547264,dalechama
15865022736,iphonestorageisfull
8167705383,peter_johnson_becerra
15368936361,ingenieria_unimet
2847118633,solch_v.v
10875268238,ahmedabokraa99
15003998665,unetequimica_
295299414,monik.martinezm
298292340,jeanmathieu22
12587608066,bodynccs
249058651,eneidisadrian
182251360,pandarian_m
311538837,paoort1
4166229655,witchysab99
297957524,isacapiello
10117144301,summum_consulting
9730707659,ciudadguisotinto
1331318188,ceavzla
317096760,ebianco___
283067001,rafaelc_c
4113583912,manueljuncal1976
10412799832,thespoiledfilm
5780713924,pablo_s_corral
23186912,horaciorodriguesf
10438748484,alienacionshortfilm
9985100312,valearo_
438706765,stephfjh
289839889,andrecarballoo
321912757,andreinaruggiero
227795986,rafada
439065112,reyquinterom
575961958,bernardbaillie99
9618578068,aviladaniel976
227412721,mariel2007
12625254,anad.zg
8269664369,feel_travel
22629882,vivianaig
6782359247,aychabelaa
264530254,chris_aizic
465311852,hildajoha
7041099454,brandondpr
8517130720,itsmarilu_sv._
324501846,diana.bello_
294104889,cristicaballero
52897536,rtbaileymedia
629700767,genesisaguy
244871347,melbaoqi
1329400552,doctor.ferrer
364232993,jenileonc
533028188,mgramirezm
291577585,roberto.marazzato
302483907,anasofiadsilva
2297541235,angel_arandi
6452355400,codigosdehombres
365995189,vhuncal
6588573518,isilikijahn
5669488549,cescolme
22600886,verocardenasd
605044498,mariimartinezu
182656491,sebasfernandezs
438742700,jinvernon
747305419,paolapprz_
202532781,veropaiva
1314168489,athineahumbria
1313780837,dmchalbaud
269947346,vrcm96
19419568,anagmedinaw
250598292,mackutastic
7529985444,jardinera2.0
7592531292,malusanllorente_
3863006123,soyabrahamc
7932654640,motivatederecho21
7991873033,nexusvenezuela
7934746273,yomoil1857
12482673,ivannapadron
1489545542,daniaufl
1421829667,humbertocaballero97
503887743,carlosmarron10
7262018177,seekrewards
211075551,gustavokrs
7900506524,quimiolog_y
7489254443,simulaciondelicitacion
5989549914,chile.travel
269767846,jose.naha
190301059,barbie_palmares
274445597,angelastrou
1304407047,marianellanunez7
1373037148,vmunsociety
7331460816,valeriafarrestxt
7440146063,luisgil_business
7192209462,kuai.ve
176263206,etyben9
7215315028,themetromemes
274480779,haroldjamesjp
254295660,sikiumonteverde
549537435,yola_nav
7149117934,fanofthrone
6144553008,luxuriousprods
209361968,josesavam
6368448737,gameofthronesmerchseason8
1232831212,victorialclemente
6852184754,andresperezsoderi
214188693,fares_r
278566737,dime.danna
46982929,chuchilima
847839430,manuelc24f
4211943493,pizcuiz
367442350,christian21ro
3257843869,victor.dha
4318635814,compratutelefonoseguro
15417246,romanebarreto
178425379,joha_garcias
1745440586,marianaeliasa
6001877611,rosannadovidio
358262764,cesar.augustot
200209756,scarletcgonzaleza
6425704279,somosmecanica
312263368,akleimanb
6369249667,danieljosediazc
334829323,valesemidey
273985065,scardine
202890706,chris_fb
247728888,ma_rodriguezl
213381379,garcia.mavalentina
50602867,sabrihobaica
1510422537,mayecb21
2254023630,oaguilar29
6102034015,robert.2196
333540405,ransesdonato
274327243,gabyalexz
5025323309,beroesgraciela
192864744,vanetriplev
3739650718,jinaibis19
5466277313,marialauradelahoz
1551695161,pabloaaristimuno
3582550732,arisjromero
6343946953,egresadosciea
311050107,edthewizard
350212574,annanouel
53819796,anikahazard
244405190,andreavilera
200655675,yatsuvelasco
193582441,titajaramillo
224084775,claudiabizzarrig
193195525,alejandrarivas11
182413927,alessandra.longhitano
270838683,yolirivask
1022123202,lis_agp
211211915,manu_bahamonde95
6124734308,antoniobiancogesualdo
582152914,kathmendc
4119059114,bastardocriollo
6162334462,adriancirkovic
829034834,gabriel_vc10
225193162,anthonydao2
1381937388,erikadiflorio
2443656651,carmenmoreno190569
3107745139,proyecto.cipolla
5509385151,chacaomiranda
5538021694,gr8theapp
1107148070,mauriziofb
259386636,ornellapiunno
3033495482,alfonzocaracciolo
5501641487,makii.makeup
5387605086,12345ysgd
5451925301,kale1357
5319706674,saavedralorca
1490741197,susygaarcia
399399818,mariahelena_alfonzo
1324730342,marabiela
38212782,mbertorelli
3621243947,marianogiannantonio
1746591057,pervhackerdefeated
2021327796,keyberpalacio_
4341295790,fahrenheit_fashion_store
1497013267,vane.reyesuarez
4201641870,daniel_godoy_1989
4205621768,lacura_piercing
336456547,sandeldlf
187881674,niconutzu
4145013637,ana.lucia.val
726783353,nanufeliu
805073383,albyzanardelli
768822233,_melannyestrada_
4027890298,powerbusinessllc
329331312,rubenmarquezl
380550036,enriquejs96
2362505802,mensdesignershoes
1372696434,kadarocha
540359809,mricuccic99
3700407181,titofuentes1
1395277901,no_soy_pila
1134749075,danieldasilvat
369969485,daninzrth
3056265739,canis_tier
3585234562,dresontylamp1983
3580998480,isaforti
42739405,brendabbarreiro
315093691,anakarinamm
300016570,sans1804
21491575,aledpetit
1220714103,bnc3_
3259206711,gruposcenicas
233403616,alelf2000
189748641,generods
211295906,paolapenap
3178471118,mariaelena9420
1032482899,joeashermusic
266786155,alejandrarmoreno
3134312027,caruso_alter
211308985,acapolingua
1723573491,cvfashion1
1414152168,alarezov
2957306798,calzadillamariaalejandra
2237775082,makiiiiittaaaa
2886245649,gdec27
2465945142,gpbc40
184451924,sophi96
2075315656,weight_andej
1581770984,raul_rvejares
2254621714,musicworldwide
848601191,alexislealhernandez
2255011195,lmellior
1825709915,luisacerundolo
277580358,sundaysolorzano
881108638,verodonofrio20
1754080492,elizabethdc310
1978819744,chrisdskyn14
1532886909,mariaribeiro.23
377513165,jacksonjavierfotografia
649639374,karolay_g
1821615080,totter_rettot
2081121663,kfhr10
184836558,richardorfao
223723818,roccotc
559187649,oswaldoisturizoficial
269920433,mvalenrequena
519356705,vivianacornelliz
1357622419,rut.ramosm
45020437,_samcastillom
989616109,marcelcontrera
337215942,gretelslavione
462872409,williamsluque
35787667,saranguren3101
1937218637,hector_s1
1101957249,ivoperezg
291347825,dmilici_
514458238,pentamario
549508236,chadmcthunder
2013738801,alexisbalza_26
1689722718,astridspin21
1671526869,genesisyacuafans
620690252,abieli2
473156798,brusfiguera
210333682,luisemiliogr
2002511064,mafe__tello
244124007,ale_domin_97
2056537219,aqnradio
1735715692,emprender_unimet
220331727,garboandclass_
2118843801,maki_pazs
26485926,marianadealmeida
1644497045,paolalinadonelli
145281624,mariopanza
1811273858,nad.43i
1771698449,ritasegredo
242097993,ignaciomonllau
1760512414,carlosfelipelanza
1768362670,alfrecap98
1711512611,avila.x
1642554688,avilanews
277958707,juanf190
340460868,renny_s32
654710923,michellebaumeister
1051022763,daniel_godoy27
177854983,cristian_polez
233272569,ambarparisi
631939024,yanireyescodoceo
1333804870,avcgourmet
1411858379,icaman24
233707756,carloshenriquew
1548613209,ricks_lanza_18
300735248,dagimercia
1347363593,daniel.fermin
1492925018,sara_love_97
324865977,marianamichelenab
513919318,daplmyt
866131890,awallis97
196025597,anistirc
1315636882,cecilia02041972
299904391,luigi.1aranda
1358412589,mangobenaim
1375478765,cathyvillalba
1405964581,giulianalovercio
533425732,ddddeleteddddddddeded
1383823630,lucianopinedo
364347923,rodolfodelmoral
1378559282,cecia2015
284431802,machu.muci
250572976,marcosplanchart
1036985902,lalaromayy
231912041,gkosta
1378728622,plan_a2
1378654626,somos_huella
1377915231,planchatuya4
1220584295,dora4257
814653516,bellasdelavila
344650273,martakohinor
200189769,paulinamartinv
611332580,daniaraque22
1226155976,patinatatodocorazon
